{
  "artifact": "admission_design_comparison",
  "description": "mixed admission/query workload comparing simpler designs with CertificateAdmit",
  "parameters": {
    "n": 50000,
    "invalid_schedule": "5% duplicate source, 5% duplicate counter, 2.5% price-row substitutions"
  },
  "rows": [
    {
      "design": "MetadataOnly",
      "submitted": 50000,
      "accepted": 50000,
      "rejected": 0,
      "admissions_per_second": 409691.9546234251,
      "latency_ms": {
        "mean": 0.002157866486813873,
        "p50": 0.001784064806997776,
        "p95": 0.003508990630507469
      },
      "query_ms": {
        "accepted_by_price": 1.3925581006333232,
        "price_join": 3.0256760073825717,
        "source_audit": 3.643752890639007,
        "rejection_audit": 0.015972997061908245,
        "ledger_probe": 0.015803962014615536
      },
      "query_total_ms": 8.093763957731426,
      "invariants": {
        "duplicate_sources": 2499,
        "duplicate_counters": 2500,
        "price_swap_accepted": 1250,
        "missing_rejection_rows": 6249
      },
      "invariant_sum": 12498,
      "pre_reconcile_invariant_sum": 12498,
      "reconcile": null
    },
    {
      "design": "AttestationBlobOnly",
      "submitted": 50000,
      "accepted": 50000,
      "rejected": 0,
      "admissions_per_second": 224938.8203647925,
      "latency_ms": {
        "mean": 0.004060560984071344,
        "p50": 0.0033800024539232254,
        "p95": 0.008187023922801018
      },
      "query_ms": {
        "accepted_by_price": 1.5085149789229035,
        "price_join": 3.2230030046775937,
        "source_audit": 3.9536409312859178,
        "rejection_audit": 0.01730700023472309,
        "ledger_probe": 0.016200006939470768
      },
      "query_total_ms": 8.718665922060609,
      "invariants": {
        "duplicate_sources": 2499,
        "duplicate_counters": 2500,
        "price_swap_accepted": 1250,
        "missing_rejection_rows": 6249
      },
      "invariant_sum": 12498,
      "pre_reconcile_invariant_sum": 12498,
      "reconcile": null
    },
    {
      "design": "AppendOnlyCertLog",
      "submitted": 50000,
      "accepted": 48750,
      "rejected": 1250,
      "admissions_per_second": 178254.45840808598,
      "latency_ms": {
        "mean": 0.004499876152258366,
        "p50": 0.003976980224251747,
        "p95": 0.007326947525143623
      },
      "query_ms": {
        "accepted_by_price": 2.581157023087144,
        "price_join": 5.1984230522066355,
        "source_audit": 5.2087269723415375,
        "rejection_audit": 0.16674096696078777,
        "ledger_probe": 0.03976305015385151
      },
      "query_total_ms": 13.194811064749956,
      "invariants": {
        "duplicate_sources": 2499,
        "duplicate_counters": 2500,
        "price_swap_accepted": 0,
        "missing_rejection_rows": 4999
      },
      "invariant_sum": 9998,
      "pre_reconcile_invariant_sum": 9998,
      "reconcile": null
    },
    {
      "design": "AppendOnlyReconcileLog",
      "submitted": 50000,
      "accepted": 43751,
      "rejected": 6249,
      "admissions_per_second": 328536.29157424264,
      "latency_ms": {
        "mean": 0.0027571458648890258,
        "p50": 0.0023710308596491814,
        "p95": 0.0046370550990104675
      },
      "query_ms": {
        "accepted_by_price": 1.2923290487378836,
        "price_join": 2.2606399143114686,
        "source_audit": 4.435865092091262,
        "rejection_audit": 0.19004999194294214,
        "ledger_probe": 0.011635012924671173
      },
      "query_total_ms": 8.190519060008228,
      "invariants": {
        "duplicate_sources": 0,
        "duplicate_counters": 0,
        "price_swap_accepted": 0,
        "missing_rejection_rows": 0
      },
      "invariant_sum": 0,
      "pre_reconcile_invariant_sum": 12498,
      "reconcile": {
        "reconciled_rows": 6249,
        "reconciliation_ms": 4500.267727999017
      }
    },
    {
      "design": "SafeMaterializedView",
      "submitted": 50000,
      "accepted": 43751,
      "rejected": 6249,
      "admissions_per_second": 632507.6527344905,
      "latency_ms": {
        "mean": 0.0014068301836960017,
        "p50": 0.001235981471836567,
        "p95": 0.0021869782358407974
      },
      "query_ms": {
        "accepted_by_price": 1.1772490106523037,
        "price_join": 2.012126031331718,
        "source_audit": 3.267685999162495,
        "rejection_audit": 0.18293899483978748,
        "ledger_probe": 0.011945958249270916
      },
      "query_total_ms": 6.651945994235575,
      "invariants": {
        "duplicate_sources": 0,
        "duplicate_counters": 0,
        "price_swap_accepted": 0,
        "missing_rejection_rows": 0
      },
      "invariant_sum": 0,
      "pre_reconcile_invariant_sum": 0,
      "reconcile": {
        "reconciled_rows": 6249,
        "published_rows": 43751,
        "publication_ms": 284.2148810159415,
        "reconciliation_ms": 284.2148810159415
      }
    },
    {
      "design": "SourceTokenGate",
      "submitted": 50000,
      "accepted": 47501,
      "rejected": 2499,
      "admissions_per_second": 234236.4118178788,
      "latency_ms": {
        "mean": 0.0039748219447210435,
        "p50": 0.0032508978620171547,
        "p95": 0.008236966095864773
      },
      "query_ms": {
        "accepted_by_price": 0.9820399573072791,
        "price_join": 2.145427977666259,
        "source_audit": 2.750171930529177,
        "rejection_audit": 0.07492594886571169,
        "ledger_probe": 0.009409035556018353
      },
      "query_total_ms": 5.961974849924445,
      "invariants": {
        "duplicate_sources": 0,
        "duplicate_counters": 2500,
        "price_swap_accepted": 1250,
        "missing_rejection_rows": 3750
      },
      "invariant_sum": 7500,
      "pre_reconcile_invariant_sum": 7500,
      "reconcile": null
    },
    {
      "design": "TransactionalOutbox",
      "submitted": 50000,
      "accepted": 46251,
      "rejected": 3749,
      "admissions_per_second": 31555.41518179574,
      "latency_ms": {
        "mean": 0.03161651570582762,
        "p50": 0.02813700120896101,
        "p95": 0.0448060454800725
      },
      "query_ms": {
        "accepted_by_price": 1.003155019134283,
        "price_join": 2.2985090035945177,
        "source_audit": 2.8599289944395423,
        "rejection_audit": 0.12893101666122675,
        "ledger_probe": 0.015091965906322002
      },
      "query_total_ms": 6.305615999735892,
      "invariants": {
        "duplicate_sources": 0,
        "duplicate_counters": 2500,
        "price_swap_accepted": 0,
        "missing_rejection_rows": 2500
      },
      "invariant_sum": 5000,
      "pre_reconcile_invariant_sum": 5000,
      "reconcile": null
    },
    {
      "design": "FullTransactionalOutbox",
      "submitted": 50000,
      "accepted": 43751,
      "rejected": 6249,
      "admissions_per_second": 33780.73123777492,
      "latency_ms": {
        "mean": 0.029533043077681214,
        "p50": 0.02745597157627344,
        "p95": 0.04150602035224438
      },
      "query_ms": {
        "accepted_by_price": 1.0338020510971546,
        "price_join": 2.212198916822672,
        "source_audit": 3.1109409173950553,
        "rejection_audit": 0.18315704073756933,
        "ledger_probe": 0.011175987310707569
      },
      "query_total_ms": 6.551274913363159,
      "invariants": {
        "duplicate_sources": 0,
        "duplicate_counters": 0,
        "price_swap_accepted": 0,
        "missing_rejection_rows": 0
      },
      "invariant_sum": 0,
      "pre_reconcile_invariant_sum": 0,
      "reconcile": null
    },
    {
      "design": "CertificateAdmitSQLite",
      "submitted": 50000,
      "accepted": 43751,
      "rejected": 6249,
      "admissions_per_second": 33987.39852124731,
      "latency_ms": {
        "mean": 0.029352291610557586,
        "p50": 0.02739601768553257,
        "p95": 0.040653045289218426
      },
      "query_ms": {
        "accepted_by_price": 0.9450959041714668,