design,submitted,accepted,rejected,admissions_per_second,p95_ms,query_total_ms,invariant_sum,pre_reconcile_invariant_sum,reconciliation_ms
MetadataOnly,50000,50000,0,409691.9546234251,0.003508990630507469,8.093763957731426,12498,12498,0.0
AttestationBlobOnly,50000,50000,0,224938.8203647925,0.008187023922801018,8.718665922060609,12498,12498,0.0
AppendOnlyCertLog,50000,48750,1250,178254.45840808598,0.007326947525143623,13.194811064749956,9998,9998,0.0
AppendOnlyReconcileLog,50000,43751,6249,328536.29157424264,0.0046370550990104675,8.190519060008228,0,12498,4500.267727999017
SafeMaterializedView,50000,43751,6249,632507.6527344905,0.0021869782358407974,6.651945994235575,0,0,284.2148810159415
SourceTokenGate,50000,47501,2499,234236.4118178788,0.008236966095864773,5.961974849924445,7500,7500,0.0
TransactionalOutbox,50000,46251,3749,31555.41518179574,0.0448060454800725,6.305615999735892,5000,5000,0.0
FullTransactionalOutbox,50000,43751,6249,33780.73123777492,0.04150602035224438,6.551274913363159,0,0,0.0
CertificateAdmitSQLite,50000,43751,6249,33987.39852124731,0.040653045289218426,6.210169056430459,0,0,0.0
