design,submitted,accepted,rejected,admissions_per_second,p95_ms,query_total_ms,invariant_sum,pre_reconcile_invariant_sum,reconciliation_ms
MetadataOnly,5000,5000,0,611565.2868571313,0.002642977051436901,0.725062913261354,1248,1248,0.0
AttestationBlobOnly,5000,5000,0,340020.3532429077,0.004244968295097351,0.7494280580431223,1248,1248,0.0
AppendOnlyCertLog,5000,4875,125,299167.18437959545,0.004598055966198444,0.6831181235611439,998,998,0.0
AppendOnlyReconcileLog,5000,4376,624,362907.7761259551,0.003854045644402504,0.8639639709144831,0,1248,41.88380902633071
SafeMaterializedView,5000,4376,624,730479.5120026352,0.0019799917936325073,0.8001328678801656,0,0,22.703460999764502
SourceTokenGate,5000,4751,249,262903.5560373158,0.0049979425966739655,0.72077801451087,750,750,0.0
TransactionalOutbox,5000,4626,374,32132.01559854178,0.0410319771617651,0.66245102789253,500,500,0.0
FullTransactionalOutbox,5000,4376,624,31784.931466263115,0.043357955291867256,0.7187558803707361,0,0,0.0
CertificateAdmitSQLite,5000,4376,624,31616.723561461415,0.0422940356656909,0.6581740453839302,0,0,0.0
