design,submitted,accepted,rejected,admissions_per_second,p95_ms,query_total_ms,invariant_sum,pre_reconcile_invariant_sum,reconciliation_ms
MetadataOnly,5000,5000,0,630656.9101611158,0.0025460030883550644,0.6672248709946871,1248,1248,0.0
AttestationBlobOnly,5000,5000,0,363014.72475849173,0.0039780279621481895,0.6562689086422324,1248,1248,0.0
AppendOnlyCertLog,5000,4875,125,307609.1682812153,0.004342058673501015,0.6732753245159984,998,998,0.0
AppendOnlyReconcileLog,5000,4376,624,376493.9457953813,0.003730994649231434,0.8462388068437576,0,1248,42.123527033254504
SafeMaterializedView,5000,4376,624,746217.1922765811,0.0019209692254662514,0.8284639334306121,0,0,22.280907025560737
SourceTokenGate,5000,4751,249,254504.25420284682,0.005257083103060722,0.7332401582971215,750,750,0.0
TransactionalOutbox,5000,4626,374,32937.56457872825,0.0409870408475399,0.7011158159002662,500,500,0.0
FullTransactionalOutbox,5000,4376,624,34377.06149181706,0.03955501597374678,0.678590964525938,0,0,0.0
CertificateAdmitSQLite,5000,4376,624,34446.704087910046,0.039773061871528625,0.6680319784209132,0,0,0.0
