{
  "artifact": "admission_design_comparison",
  "description": "mixed admission/query workload comparing simpler designs with CertificateAdmit",
  "parameters": {
    "n": 5000,
    "invalid_schedule": "5% duplicate source, 5% duplicate counter, 2.5% price-row substitutions"
  },
  "rows": [
    {
      "design": "MetadataOnly",
      "submitted": 5000,
      "accepted": 5000,
      "rejected": 0,
      "admissions_per_second": 630656.9101611158,
      "latency_ms": {
        "mean": 0.001432579755783081,
        "p50": 0.0012619420886039734,
        "p95": 0.0025460030883550644
      },
      "query_ms": {
        "accepted_by_price": 0.12370490003377199,
        "price_join": 0.2481299452483654,
        "source_audit": 0.28360600117594004,
        "rejection_audit": 0.005576061084866524,
        "ledger_probe": 0.006207963451743126
      },
      "query_total_ms": 0.6672248709946871,
      "invariants": {
        "duplicate_sources": 249,
        "duplicate_counters": 250,
        "price_swap_accepted": 125,
        "missing_rejection_rows": 624
      },
      "invariant_sum": 1248,
      "pre_reconcile_invariant_sum": 1248,
      "reconcile": null
    },
    {
      "design": "AttestationBlobOnly",
      "submitted": 5000,
      "accepted": 5000,
      "rejected": 0,
      "admissions_per_second": 363014.72475849173,
      "latency_ms": {
        "mean": 0.002519147377461195,
        "p50": 0.002261018380522728,
        "p95": 0.0039780279621481895
      },
      "query_ms": {
        "accepted_by_price": 0.11823093518614769,
        "price_join": 0.2474250504747033,
        "source_audit": 0.2790619619190693,
        "rejection_audit": 0.005195965059101582,
        "ledger_probe": 0.006354996003210545
      },
      "query_total_ms": 0.6562689086422324,
      "invariants": {
        "duplicate_sources": 249,
        "duplicate_counters": 250,
        "price_swap_accepted": 125,
        "missing_rejection_rows": 624
      },
      "invariant_sum": 1248,
      "pre_reconcile_invariant_sum": 1248,
      "reconcile": null
    },
    {
      "design": "AppendOnlyCertLog",
      "submitted": 5000,
      "accepted": 4875,
      "rejected": 125,
      "admissions_per_second": 307609.1682812153,
      "latency_ms": {
        "mean": 0.0030251457821577786,
        "p50": 0.0027939677238464355,
        "p95": 0.004342058673501015
      },
      "query_ms": {
        "accepted_by_price": 0.12103409972041845,
        "price_join": 0.25927205570042133,
        "source_audit": 0.2775411121547222,
        "rejection_audit": 0.008973991498351097,
        "ledger_probe": 0.006454065442085266
      },
      "query_total_ms": 0.6732753245159984,
      "invariants": {
        "duplicate_sources": 249,
        "duplicate_counters": 250,
        "price_swap_accepted": 0,
        "missing_rejection_rows": 499
      },
      "invariant_sum": 998,
      "pre_reconcile_invariant_sum": 998,
      "reconcile": null
    },
    {
      "design": "AppendOnlyReconcileLog",
      "submitted": 5000,
      "accepted": 4376,
      "rejected": 624,
      "admissions_per_second": 376493.9457953813,
      "latency_ms": {
        "mean": 0.00242490665987134,
        "p50": 0.002196989953517914,
        "p95": 0.003730994649231434
      },
      "query_ms": {
        "accepted_by_price": 0.12299290392547846,
        "price_join": 0.2461179392412305,
        "source_audit": 0.445054960437119,
        "rejection_audit": 0.024241977371275425,
        "ledger_probe": 0.007831025868654251
      },
      "query_total_ms": 0.8462388068437576,
      "invariants": {
        "duplicate_sources": 0,
        "duplicate_counters": 0,
        "price_swap_accepted": 0,
        "missing_rejection_rows": 0
      },
      "invariant_sum": 0,
      "pre_reconcile_invariant_sum": 1248,
      "reconcile": {
        "reconciled_rows": 624,
        "reconciliation_ms": 42.123527033254504
      }
    },
    {
      "design": "SafeMaterializedView",
      "submitted": 5000,
      "accepted": 4376,
      "rejected": 624,
      "admissions_per_second": 746217.1922765811,
      "latency_ms": {
        "mean": 0.0012066900497302413,
        "p50": 0.0011040829122066498,
        "p95": 0.0019209692254662514
      },
      "query_ms": {
        "accepted_by_price": 0.13746402692049742,
        "price_join": 0.2584849717095494,
        "source_audit": 0.4014729056507349,
        "rejection_audit": 0.02354604657739401,
        "ledger_probe": 0.007495982572436333
      },
      "query_total_ms": 0.8284639334306121,
      "invariants": {
        "duplicate_sources": 0,
        "duplicate_counters": 0,
        "price_swap_accepted": 0,
        "missing_rejection_rows": 0
      },
      "invariant_sum": 0,
      "pre_reconcile_invariant_sum": 0,
      "reconcile": {
        "reconciled_rows": 624,
        "published_rows": 4376,
        "publication_ms": 22.280907025560737,
        "reconciliation_ms": 22.280907025560737
      }
    },
    {
      "design": "SourceTokenGate",
      "submitted": 5000,
      "accepted": 4751,
      "rejected": 249,
      "admissions_per_second": 254504.25420284682,
      "latency_ms": {
        "mean": 0.003640881460160017,
        "p50": 0.003403984010219574,
        "p95": 0.005257083103060722
      },
      "query_ms": {
        "accepted_by_price": 0.12769305612891912,
        "price_join": 0.2704859944060445,
        "source_audit": 0.3151079872623086,
        "rejection_audit": 0.012850039638578892,
        "ledger_probe": 0.007103080861270428
      },
      "query_total_ms": 0.7332401582971215,
      "invariants": {
        "duplicate_sources": 0,
        "duplicate_counters": 250,
        "price_swap_accepted": 125,
        "missing_rejection_rows": 375
      },
      "invariant_sum": 750,
      "pre_reconcile_invariant_sum": 750,
      "reconcile": null
    },
    {
      "design": "TransactionalOutbox",
      "submitted": 5000,
      "accepted": 4626,
      "rejected": 374,
      "admissions_per_second": 32937.56457872825,
      "latency_ms": {
        "mean": 0.03028798147570342,
        "p50": 0.027862959541380405,
        "p95": 0.0409870408475399
      },
      "query_ms": {
        "accepted_by_price": 0.12136599980294704,
        "price_join": 0.24965591728687286,
        "source_audit": 0.30563795007765293,
        "rejection_audit": 0.016945996321737766,
        "ledger_probe": 0.007509952411055565
      },
      "query_total_ms": 0.7011158159002662,
      "invariants": {
        "duplicate_sources": 0,
        "duplicate_counters": 250,
        "price_swap_accepted": 0,
        "missing_rejection_rows": 250
      },
      "invariant_sum": 500,
      "pre_reconcile_invariant_sum": 500,
      "reconcile": null
    },
    {
      "design": "FullTransactionalOutbox",
      "submitted": 5000,
      "accepted": 4376,
      "rejected": 624,
      "admissions_per_second": 34377.06149181706,
      "latency_ms": {
        "mean": 0.029020829172804952,
        "p50": 0.027588102966547012,
        "p95": 0.03955501597374678
      },
      "query_ms": {
        "accepted_by_price": 0.10337796993553638,
        "price_join": 0.2216820139437914,
        "source_audit": 0.32410898711532354,
        "rejection_audit": 0.022966996766626835,
        "ledger_probe": 0.006454996764659882
      },
      "query_total_ms": 0.678590964525938,
      "invariants": {
        "duplicate_sources": 0,
        "duplicate_counters": 0,
        "price_swap_accepted": 0,
        "missing_rejection_rows": 0
      },
      "invariant_sum": 0,
      "pre_reconcile_invariant_sum": 0,
      "reconcile": null
    },
    {
      "design": "CertificateAdmitSQLite",
      "submitted": 5000,
      "accepted": 4376,
      "rejected": 624,
      "admissions_per_second": 34446.704087910046,
      "latency_ms": {
        "mean": 0.028963929368183018,
        "p50": 0.027608941309154034,
        "p95": 0.039773061871528625
      },
      "query_ms": {
        "accepted_by_price": 0.10938302148133516,