{
  "parameters": {
    "n": 100000,
    "workers": [
      1,
      4,
      16,
      32
    ],
    "fraud_rate": 0.1,
    "duplicate_rate": 0.05,
    "db": "sqlite-wal",
    "policy": "policy-v5"
  },
  "admission_benchmarks": [
    {
      "workers": 1,
      "submitted": 100000,
      "accepted": 90001,
      "rejected": 9999,
      "reasons": {
        "accepted": 90001,
        "price_row_binding": 2500,
        "source_token_reuse": 5000,
        "duplicate_counter": 2499
      },
      "elapsed_ms": 2353.3934260485694,
      "admissions_per_second": 42491.83281178087,
      "latency_ms": {
        "mean": 0.02339860853855498,
        "p50": 0.01986802089959383,
        "p95": 0.03180094063282013,
        "p99": 0.20526000298559666
      },
      "accepted_only_aggregation_ms": 120.28295500203967,
      "accepted_only_query_ms": 4.894434008747339,
      "price_join_query_ms": 6.520778057165444,
      "invariants": {
        "duplicate_sources": 0,
        "duplicate_counters": 0,
        "duplicate_nonces": 0,
        "unaggregated_accepted": 0,
        "accepted_without_consumed_token": 0
      },
      "db_path": "/tmp/e2e_admission_w1_5ngbbh_j/admission.sqlite"
    },
    {
      "workers": 4,
      "submitted": 100000,
      "accepted": 90001,
      "rejected": 9999,
      "reasons": {
        "accepted": 90001,
        "source_token_reuse": 5000,
        "duplicate_counter": 2499,
        "price_row_binding": 2500
      },
      "elapsed_ms": 2724.608652992174,
      "admissions_per_second": 36702.51868655694,
      "latency_ms": {
        "mean": 0.07882875801878982,
        "p50": 0.0219360226765275,
        "p95": 0.047186040319502354,
        "p99": 0.16959290951490402
      },
      "accepted_only_aggregation_ms": 119.35169401112944,
      "accepted_only_query_ms": 4.875902086496353,
      "price_join_query_ms": 6.53652404434979,
      "invariants": {
        "duplicate_sources": 0,
        "duplicate_counters": 0,
        "duplicate_nonces": 0,
        "unaggregated_accepted": 0,
        "accepted_without_consumed_token": 0
      },
      "db_path": "/tmp/e2e_admission_w4_c6r3700k/admission.sqlite"
    },
    {
      "workers": 16,
      "submitted": 100000,
      "accepted": 90001,
      "rejected": 9999,
      "reasons": {
        "accepted": 90001,
        "duplicate_counter": 2499,
        "price_row_binding": 2500,
        "source_token_reuse": 5000
      },
      "elapsed_ms": 2707.3146470356733,
      "admissions_per_second": 36936.9700376324,
      "latency_ms": {
        "mean": 0.25682778407470325,
        "p50": 0.021412968635559082,
        "p95": 0.04096503835171461,
        "p99": 0.1359040616080165
      },
      "accepted_only_aggregation_ms": 122.69165797624737,
      "accepted_only_query_ms": 5.056982045061886,
      "price_join_query_ms": 6.7598780151456594,
      "invariants": {
        "duplicate_sources": 0,
        "duplicate_counters": 0,
        "duplicate_nonces": 0,
        "unaggregated_accepted": 0,
        "accepted_without_consumed_token": 0
      },
      "db_path": "/tmp/e2e_admission_w16_6f__qc_6/admission.sqlite"
    },
    {
      "workers": 32,
      "submitted": 100000,
      "accepted": 90001,
      "rejected": 9999,
      "reasons": {
        "duplicate_counter": 2499,
        "accepted": 90001,
        "price_row_binding": 2500,
        "source_token_reuse": 5000
      },
      "elapsed_ms": 2955.841719987802,
      "admissions_per_second": 33831.310832304196,
      "latency_ms": {
        "mean": 0.5884080690704286,
        "p50": 0.022356980480253696,
        "p95": 0.04983600229024887,
        "p99": 0.16413803678005934
      },
      "accepted_only_aggregation_ms": 141.28695195540786,
      "accepted_only_query_ms": 5.855774041265249,
      "price_join_query_ms": 7.500790990889072,
      "invariants": {
        "duplicate_sources": 0,
        "duplicate_counters": 0,
        "duplicate_nonces": 0,
        "unaggregated_accepted": 0,
        "accepted_without_consumed_token": 0
      },
      "db_path": "/tmp/e2e_admission_w32_sh79vcxl/admission.sqlite"
    }
  ],
  "race_tests": [
    {
      "scenario": "source_token_race",
      "workers": 32,
      "accepted": 1,
      "aggregation_ms": 0.1346359495073557,
      "rejected_by_reason": {
        "source_token_reuse": 31
      },
      "invariants": {
        "duplicate_sources": 0,
        "duplicate_counters": 0,
        "duplicate_nonces": 0,
        "unaggregated_accepted": 0,
        "accepted_without_consumed_token": 0
      }
    },
    {
      "scenario": "counter_race",
      "workers": 32,
      "accepted": 1,
      "aggregation_ms": 0.14437607023864985,
      "rejected_by_reason": {
        "duplicate_counter": 31
      },
      "invariants": {
        "duplicate_sources": 0,
        "duplicate_counters": 0,
        "duplicate_nonces": 0,
        "unaggregated_accepted": 0,
        "accepted_without_consumed_token": 0
      }
    }
  ],
  "crash_recovery": {
    "scenario": "crash_recovery",
    "missing_events": 2,
    "recovery_mark_missing_ms": 0.07080996874719858,
    "first_aggregation_ms": 0.1123680267482996,
    "second_aggregation_ms": 0.019481987692415714,
    "unaggregated_accepted": 0,
    "aggregate_reports_after_two_replays": 1,
    "invariant_violations": 0
  }
}