{
  "parameters": {
    "n": 100000,
    "workers": [
      1,
      4,
      16,
      32
    ],
    "fraud_rate": 0.1,
    "duplicate_rate": 0.05,
    "db": "sqlite-wal",
    "policy": "policy-v5"
  },
  "admission_benchmarks": [
    {
      "workers": 1,
      "submitted": 100000,
      "accepted": 90001,
      "rejected": 9999,
      "reasons": {
        "accepted": 90001,
        "price_row_binding": 2500,
        "source_token_reuse": 5000,
        "duplicate_counter": 2499
      },
      "elapsed_ms": 2228.5730000585318,
      "admissions_per_second": 44871.76323027048,
      "latency_ms": {
        "mean": 0.022148313656216487,
        "p50": 0.018753926269710064,
        "p95": 0.030081020668148994,
        "p99": 0.19640708342194557
      },
      "accepted_only_aggregation_ms": 118.28583397436887,
      "accepted_only_query_ms": 4.702296922914684,
      "price_join_query_ms": 6.261014030314982,
      "invariants": {
        "duplicate_sources": 0,
        "duplicate_counters": 0,
        "duplicate_nonces": 0,
        "unaggregated_accepted": 0,
        "accepted_without_consumed_token": 0
      },
      "db_path": "/tmp/e2e_admission_w1_9q4tmwsg/admission.sqlite"
    },
    {
      "workers": 4,
      "submitted": 100000,
      "accepted": 90001,
      "rejected": 9999,
      "reasons": {
        "accepted": 90001,
        "source_token_reuse": 5000,
        "duplicate_counter": 2499,
        "price_row_binding": 2500
      },
      "elapsed_ms": 2485.1618780521676,
      "admissions_per_second": 40238.82745150529,
      "latency_ms": {
        "mean": 0.08145195059245453,
        "p50": 0.02079200930893421,
        "p95": 0.03469001967459917,
        "p99": 0.14959799591451883
      },
      "accepted_only_aggregation_ms": 122.67343502026051,
      "accepted_only_query_ms": 5.1192790269851685,
      "price_join_query_ms": 6.712250993587077,
      "invariants": {
        "duplicate_sources": 0,
        "duplicate_counters": 0,
        "duplicate_nonces": 0,
        "unaggregated_accepted": 0,
        "accepted_without_consumed_token": 0
      },
      "db_path": "/tmp/e2e_admission_w4_1xlper11/admission.sqlite"
    },
    {
      "workers": 16,
      "submitted": 100000,
      "accepted": 90001,
      "rejected": 9999,
      "reasons": {
        "accepted": 90001,
        "duplicate_counter": 2499,
        "price_row_binding": 2500,
        "source_token_reuse": 5000
      },
      "elapsed_ms": 2607.8291170997545,
      "admissions_per_second": 38346.07081587194,
      "latency_ms": {
        "mean": 0.26777477969415486,
        "p50": 0.02103100996464491,
        "p95": 0.041794031858444214,
        "p99": 0.13959105126559734
      },
      "accepted_only_aggregation_ms": 113.60981198959053,
      "accepted_only_query_ms": 5.111675010994077,
      "price_join_query_ms": 6.876823026686907,
      "invariants": {
        "duplicate_sources": 0,
        "duplicate_counters": 0,
        "duplicate_nonces": 0,
        "unaggregated_accepted": 0,
        "accepted_without_consumed_token": 0
      },
      "db_path": "/tmp/e2e_admission_w16_z8q4mf49/admission.sqlite"
    },
    {
      "workers": 32,
      "submitted": 100000,
      "accepted": 90001,
      "rejected": 9999,
      "reasons": {
        "accepted": 90001,
        "duplicate_counter": 2499,
        "price_row_binding": 2500,
        "source_token_reuse": 5000
      },
      "elapsed_ms": 3001.718117040582,
      "admissions_per_second": 33314.25407079556,
      "latency_ms": {
        "mean": 0.5737437783705537,
        "p50": 0.022066989913582802,
        "p95": 0.04774192348122597,
        "p99": 0.16185198910534382
      },
      "accepted_only_aggregation_ms": 156.01328504271805,
      "accepted_only_query_ms": 4.6294080093503,
      "price_join_query_ms": 6.34268403518945,
      "invariants": {
        "duplicate_sources": 0,
        "duplicate_counters": 0,
        "duplicate_nonces": 0,
        "unaggregated_accepted": 0,
        "accepted_without_consumed_token": 0
      },
      "db_path": "/tmp/e2e_admission_w32_yzye0dg2/admission.sqlite"
    }
  ],
  "race_tests": [
    {
      "scenario": "source_token_race",
      "workers": 32,
      "accepted": 1,
      "aggregation_ms": 0.12614403385668993,
      "rejected_by_reason": {
        "source_token_reuse": 31
      },
      "invariants": {
        "duplicate_sources": 0,
        "duplicate_counters": 0,
        "duplicate_nonces": 0,
        "unaggregated_accepted": 0,
        "accepted_without_consumed_token": 0
      }
    },
    {
      "scenario": "counter_race",
      "workers": 32,
      "accepted": 1,
      "aggregation_ms": 0.12771401088684797,
      "rejected_by_reason": {
        "duplicate_counter": 31
      },
      "invariants": {
        "duplicate_sources": 0,
        "duplicate_counters": 0,
        "duplicate_nonces": 0,
        "unaggregated_accepted": 0,
        "accepted_without_consumed_token": 0
      }
    }
  ],
  "crash_recovery": {
    "scenario": "crash_recovery",
    "missing_events": 2,
    "recovery_mark_missing_ms": 0.06244005635380745,
    "first_aggregation_ms": 0.09678700007498264,
    "second_aggregation_ms": 0.02200901508331299,
    "unaggregated_accepted": 0,
    "aggregate_reports_after_two_replays": 1,
    "invariant_violations": 0
  }
}