workers,submitted,accepted,rejected,admissions_per_second,p50_ms,p95_ms,p99_ms,invariant_sum
1,1000,901,99,108.33955270047358,9.252309915609658,12.215982074849308,14.686602051369846,0
4,1000,901,99,406.77918915880724,9.283843101002276,11.888192966580391,24.950747028924525,0
16,1000,901,99,952.3519029295592,15.187970013357699,22.4966739770025,58.426255942322314,0
