workers,submitted,accepted,rejected,reports_per_second,p50_ms,p95_ms,p99_ms,digest_p95_ms,aggregation_ms,invariant_sum
1,2000,1801,199,31303.403119991675,0.031646923162043095,0.05063007120043039,0.09933195542544127,0.001978944055736065,1.9770879298448563,0
4,2000,1801,199,20137.017298906758,0.027645030058920383,0.05322496872395277,0.11061097029596567,0.002078944817185402,1.8502910388633609,0
