workers,submitted,accepted,rejected,reports_per_second,p50_ms,p95_ms,p99_ms,digest_p95_ms,aggregation_ms,invariant_sum
16,20000,18001,1999,21422.56947541255,0.024365028366446495,0.059428042732179165,0.14742708299309015,0.002384069375693798,25.206670979969203,0
