workers,submitted,accepted,rejected,reports_per_second,p50_ms,p95_ms,p99_ms,digest_p95_ms,aggregation_ms,invariant_sum
1,20000,18001,1999,47773.619172136496,0.017936108633875847,0.027355970814824104,0.11218502186238766,0.0007150229066610336,21.79659204557538,0
4,20000,18001,1999,35862.08251175871,0.020053936168551445,0.039982027374207973,0.13843702618032694,0.0018799910321831703,21.35228901170194,0
16,20000,18001,1999,20767.096612821864,0.021723099052906036,0.051431008614599705,0.13468600809574127,0.002140994183719158,32.46191400103271,0
