{
  "admission_benchmarks": [
    {
      "accepted": 1801,
      "accepted_only_aggregation_ms": 1.9770879298448563,
      "accepted_only_query_ms": 0.12906803749501705,
      "attestation_digest_ms": {
        "mean": 0.001287001941818744,
        "p95": 0.001978944055736065
      },
      "elapsed_ms": 63.89081699308008,
      "end_to_end_latency_ms": {
        "mean": 0.03100108605576679,
        "p50": 0.031646923162043095,
        "p95": 0.05063007120043039,
        "p99": 0.09933195542544127
      },
      "invariants": {
        "accepted_without_consumed_token": 0,
        "duplicate_counters": 0,
        "duplicate_nonces": 0,
        "duplicate_sources": 0,
        "unaggregated_accepted": 0
      },
      "price_join_query_ms": 0.1555770868435502,
      "reasons": {
        "accepted": 1801,
        "duplicate_counter": 49,
        "price_row_binding": 50,
        "source_token_reuse": 100
      },
      "rejected": 199,
      "reports_per_second": 31303.403119991675,
      "submitted": 2000,
      "workers": 1
    },
    {
      "accepted": 1801,
      "accepted_only_aggregation_ms": 1.8502910388633609,
      "accepted_only_query_ms": 0.1159679377451539,
      "attestation_digest_ms": {
        "mean": 0.0012856530374847353,
        "p95": 0.002078944817185402
      },
      "elapsed_ms": 99.31957500521094,
      "end_to_end_latency_ms": {
        "mean": 0.11804657388711348,
        "p50": 0.027645030058920383,
        "p95": 0.05322496872395277,
        "p99": 0.11061097029596567
      },
      "invariants": {
        "accepted_without_consumed_token": 0,
        "duplicate_counters": 0,
        "duplicate_nonces": 0,
        "duplicate_sources": 0,
        "unaggregated_accepted": 0
      },
      "price_join_query_ms": 0.13961410149931908,
      "reasons": {
        "accepted": 1801,
        "duplicate_counter": 49,
        "price_row_binding": 50,
        "source_token_reuse": 100
      },
      "rejected": 199,
      "reports_per_second": 20137.017298906758,
      "submitted": 2000,
      "workers": 4
    }
  ],
  "artifact": "local_integrated_verifier_path",
  "crash_recovery": {
    "aggregate_reports_after_two_replays": 1,
    "first_aggregation_ms": 0.0524069182574749,
    "invariant_violations": 0,
    "missing_events": 2,
    "recovery_mark_missing_ms": 0.030635041184723377,
    "scenario": "crash_recovery",
    "second_aggregation_ms": 0.007226015441119671,
    "unaggregated_accepted": 0
  },
  "description": "local integrated source-token, attestation-digest, serializable admission, rejection, queue, and aggregation path",
  "limitations": [
    "local SQLite-WAL verifier path, not live AWS Nitro",
    "KMS/session release is represented as policy input, not a live KMS call",
    "not a replicated-ledger or production-cloud deployment"
  ],
  "parameters": {
    "duplicate_rate": 0.05,
    "fraud_rate": 0.1,
    "n": 2000,
    "policy": "policy-v5",
    "workers": [
      1,
      4
    ]
  },
  "race_tests": [
    {
      "accepted": 1,
      "aggregation_ms": 0.0617089681327343,
      "invariants": {
        "accepted_without_consumed_token": 0,
        "duplicate_counters": 0,
        "duplicate_nonces": 0,
        "duplicate_sources": 0,
        "unaggregated_accepted": 0
      },
      "rejected_by_reason": {
        "source_token_reuse": 3
      },
      "scenario": "source_token_race",
      "workers": 4
    },
    {
      "accepted": 1,
      "aggregation_ms": 0.06254110485315323,
      "invariants": {
        "accepted_without_consumed_token": 0,
        "duplicate_counters": 0,
        "duplicate_nonces": 0,
        "duplicate_sources": 0,
        "unaggregated_accepted": 0
      },
      "rejected_by_reason": {
        "duplicate_counter": 3
      },
      "scenario": "counter_race",
      "workers": 4
    }
  ]
}
