design,submitted,accepted,rejected,admissions_per_second,p95_ms,query_total_ms,invariant_sum,pre_reconcile_invariant_sum,reconciliation_ms
AppendOnlyReconcileLog,60000,54691,5309,234090.3553711731,0.006988993845880032,35.591741907410324,0,10618,109.51491503510624
SafeMaterializedView,60000,54691,5309,585240.9776007859,0.00227196142077446,42.11961501277983,0,0,429.16761501692235
CertificateAdmitSQLite,60000,54691,5309,30160.02394525642,0.04469393752515316,38.02569804247469,0,0,0.0
