design,submitted,accepted,rejected,admissions_per_second,p95_ms,query_total_ms,invariant_sum,pre_reconcile_invariant_sum,reconciliation_ms
AppendOnlyReconcileLog,5000,4556,444,270503.97112615476,0.005512963980436325,2.506562159396708,0,888,6.355341989547014
SafeMaterializedView,5000,4556,444,648062.9433700936,0.002227025106549263,2.758460119366646,0,0,30.868337024003267
CertificateAdmitSQLite,5000,4556,444,28600.21150693344,0.04839594475924969,2.9159601544961333,0,0,0.0
