design,submitted,accepted,rejected,admissions_per_second,p95_ms,query_total_ms,invariant_sum,pre_reconcile_invariant_sum,reconciliation_ms
AppendOnlyReconcileLog,5000,4556,444,273509.3310185925,0.005412963218986988,2.3735781433060765,0,888,6.186396931298077
SafeMaterializedView,5000,4556,444,701730.4569561387,0.002049957402050495,2.436934970319271,0,0,27.98177395015955
CertificateAdmitSQLite,5000,4556,444,30623.525916977876,0.04531804006546736,2.78562621679157,0,0,0.0
