{
  "artifact": "marketplace_workflow_benchmark",
  "description": "multi-seller marketplace admission/query workflow with payments, policy churn, rejection disputes, and aggregation windows",
  "parameters": {
    "n": 5000,
    "sellers": 12,
    "workloads": [
      "audience",
      "reach",
      "conversion"
    ],
    "quality_classes": [
      "silver",
      "gold"
    ],
    "invalid_schedule": "duplicate source, duplicate counter, stale policy, and price-row substitutions"
  },
  "rows": [
    {
      "design": "AppendOnlyReconcileLog",
      "submitted": 5000,
      "accepted": 4556,
      "rejected": 444,
      "admissions_per_second": 273509.3310185925,
      "latency_ms": {
        "mean": 0.0033419661456719043,
        "p50": 0.002934015356004238,
        "p95": 0.005412963218986988
      },
      "query_ms": {
        "windowed_aggregation": 0.20430702716112137,
        "seller_payment_join": 0.3994100261479616,
        "rejection_disputes": 0.028705107979476452,
        "policy_churn_audit": 1.0538640199229121,
        "source_fill_rate": 0.6779769901186228,
        "ledger_probe": 0.00931497197598219
      },
      "query_total_ms": 2.3735781433060765,
      "payment_after_reconcile": 3872.2999999999997,
      "invariants": {
        "duplicate_sources": 0,
        "duplicate_counters": 0,
        "invalid_price_policy_accepted": 0,
        "missing_rejection_rows": 0
      },
      "invariant_sum": 0,
      "pre_reconcile_invariant_sum": 888,
      "reconcile": {
        "reconciled_rows": 444,
        "reconciliation_ms": 6.186396931298077
      }
    },
    {
      "design": "SafeMaterializedView",
      "submitted": 5000,
      "accepted": 4556,
      "rejected": 444,
      "admissions_per_second": 701730.4569561387,
      "latency_ms": {
        "mean": 0.0012838903348892927,
        "p50": 0.0011719530448317528,
        "p95": 0.002049957402050495
      },
      "query_ms": {
        "windowed_aggregation": 0.2038649981841445,
        "seller_payment_join": 0.4106319975107908,
        "rejection_disputes": 0.02848601434379816,
        "policy_churn_audit": 1.082223025150597,
        "source_fill_rate": 0.7014669245108962,
        "ledger_probe": 0.010262010619044304
      },
      "query_total_ms": 2.436934970319271,
      "payment_after_reconcile": 3872.2999999999997,
      "invariants": {
        "duplicate_sources": 0,
        "duplicate_counters": 0,
        "invalid_price_policy_accepted": 0,
        "missing_rejection_rows": 0
      },
      "invariant_sum": 0,
      "pre_reconcile_invariant_sum": 0,
      "reconcile": {
        "reconciled_rows": 444,
        "published_rows": 4556,
        "publication_ms": 27.98177395015955,
        "reconciliation_ms": 27.98177395015955
      }
    },
    {
      "design": "CertificateAdmitSQLite",
      "submitted": 5000,
      "accepted": 4556,
      "rejected": 444,
      "admissions_per_second": 30623.525916977876,
      "latency_ms": {
        "mean": 0.032576161227189,
        "p50": 0.02883200068026781,
        "p95": 0.04531804006546736
      },
      "query_ms": {
        "windowed_aggregation": 0.24232303258031607,
        "seller_payment_join": 0.48230006359517574,
        "rejection_disputes": 0.033247051760554314,
        "policy_churn_audit": 1.245914027094841,
        "source_fill_rate": 0.7705319439992309,
        "ledger_probe": 0.011310097761452198
      },
      "query_total_ms": 2.78562621679157,
      "payment_after_reconcile": 3872.2999999999997,
      "invariants": {
        "duplicate_sources": 0,
        "duplicate_counters": 0,
        "invalid_price_policy_accepted": 0,
        "missing_rejection_rows": 0
      },
      "invariant_sum": 0,
      "pre_reconcile_invariant_sum": 0,
      "reconcile": null
    }
  ]
}