workers,submitted,accepted,rejected,reports_per_second,total_p95_ms,private_verifier_p95_ms,public_dispute_verify_p95_ms,admission_p95_ms,leakage_violations,invariant_sum
1,20000,18001,1999,28301.628459783275,0.04295306280255318,0.007438007742166519,0.004439032636582851,0.028737005777657032,0,0
4,20000,18001,1999,16029.659408638394,0.11958193499594927,0.023048953153192997,0.012170989066362381,0.07516809273511171,0,0
16,20000,18001,1999,16555.280682974506,0.21808501332998276,0.020154984667897224,0.009713927283883095,0.1984190894290805,0,0
