{
  "conversions": 1908,
  "dataset": "UCI Online Shoppers Purchasing Intention online_shoppers_intention.csv",
  "eps_claim": 2.0,
  "eps_true_fraud": 0.5,
  "fraud_fraction": 0.7,
  "mechanism_parameters": {
    "DepositAuditNoPoW": {
      "accepted_fraud": 0.073,
      "rejected_fraud": 0.073,
      "truthful_switch": 0.554
    },
    "DepositAuditReject": {
      "accepted_fraud": 0.0,
      "rejected_fraud": 0.073,
      "truthful_switch": 0.627
    },
    "DirectAttest": {
      "accepted_fraud": 0.0,
      "rejected_fraud": 0.0,
      "truthful_switch": 0.7
    },
    "NoVerify": {
      "accepted_fraud": 0.7,
      "rejected_fraud": 0.0,
      "truthful_switch": 0.0
    },
    "RejectMismatch": {
      "accepted_fraud": 0.0,
      "rejected_fraud": 0.7,
      "truthful_switch": 0.0
    },
    "SealedHybrid": {
      "accepted_fraud": 0.049,
      "rejected_fraud": 0.049,
      "truthful_switch": 0.602
    },
    "TEEOnly": {
      "accepted_fraud": 0.56,
      "rejected_fraud": 0.14,
      "truthful_switch": 0.0
    }
  },
  "min_segment_sessions": 200,
  "rows": 12330,
  "seeds": [
    2026,
    2027,
    2028,
    2029,
    2030,
    2031,
    2032,
    2033,
    2034,
    2035,
    2036,
    2037,
    2038,
    2039,
    2040,
    2041,
    2042,
    2043,
    2044,
    2045,
    2046,
    2047,
    2048,
    2049,
    2050,
    2051,
    2052,
    2053,
    2054,
    2055
  ],
  "segment_field": "TrafficType with rare sources merged",
  "segments": 11,
  "summary": [
    {
      "accepted_fraud_rate_ci95": 0.00048254428474425607,
      "accepted_fraud_rate_mean": 0.6999916439332498,
      "accepted_fraud_rate_stdev": 0.0013484713762735973,
      "accepted_volume_fraction_ci95": 0.0,
      "accepted_volume_fraction_mean": 1.0,
      "accepted_volume_fraction_stdev": 0.0,
      "audience_error_ci95": 0.02720159499614445,
      "audience_error_mean": 0.29390912031298017,
      "audience_error_stdev": 0.07601493458932637,
      "buyer_utility_ci95": 1.818662616500841,
      "buyer_utility_mean": 9.18188925860716,
      "buyer_utility_stdev": 5.082257854841213,
      "conversion_regret_ci95": 0.010871862387634953,
      "conversion_regret_mean": 0.04819638623214704,
      "conversion_regret_stdev": 0.030381450366324687,
      "mechanism": "NoVerify",
      "seeds": 30,
      "top3_overlap_ci95": 0.09578466697005578,
      "top3_overlap_mean": 0.36666666666666664,
      "top3_overlap_stdev": 0.2676705242990794
    },
    {
      "accepted_fraud_rate_ci95": 0.0005679250924134643,
      "accepted_fraud_rate_mean": 0.6509238834578566,
      "accepted_fraud_rate_stdev": 0.001587068286163574,
      "accepted_volume_fraction_ci95": 0.0002694412170309817,
      "accepted_volume_fraction_mean": 0.8598569637985697,
      "accepted_volume_fraction_stdev": 0.0007529542473954788,
      "audience_error_ci95": 0.021561052581996375,
      "audience_error_mean": 0.2683389732163094,
      "audience_error_stdev": 0.060252422768951125,
      "buyer_utility_ci95": 1.873193746188444,
      "buyer_utility_mean": 10.790725408618963,
      "buyer_utility_stdev": 5.234645251862335,
      "conversion_regret_ci95": 0.010254230934506106,
      "conversion_regret_mean": 0.03933943452589909,
      "conversion_regret_stdev": 0.028655477513756498,
      "mechanism": "TEEOnly",
      "seeds": 30,
      "top3_overlap_ci95": 0.07630263957065395,
      "top3_overlap_mean": 0.4222222222222222,
      "top3_overlap_stdev": 0.2132279433164973
    },
    {
      "accepted_fraud_rate_ci95": 0.0002691003610302104,
      "accepted_fraud_rate_mean": 0.07879992288891233,
      "accepted_fraud_rate_stdev": 0.0007520017243317877,
      "accepted_volume_fraction_ci95": 0.00024003686110923327,
      "accepted_volume_fraction_mean": 0.9269628155029614,
      "accepted_volume_fraction_stdev": 0.0006707836911339877,
      "audience_error_ci95": 0.007992803182438725,
      "audience_error_mean": 0.1238096081503714,
      "audience_error_stdev": 0.022335911228167193,
      "buyer_utility_ci95": 1.3327317826827207,
      "buyer_utility_mean": 13.485613852681091,
      "buyer_utility_stdev": 3.724322757547954,
      "conversion_regret_ci95": 0.007290089036509483,
      "conversion_regret_mean": 0.0306883849006441,
      "conversion_regret_stdev": 0.02037217454855789,
      "mechanism": "DepositAuditNoPoW",
      "seeds": 30,
      "top3_overlap_ci95": 0.06957615402582351,
      "top3_overlap_mean": 0.4222222222222222,
      "top3_overlap_stdev": 0.19443076032855822
    },
    {
      "accepted_fraud_rate_ci95": 0.0,
      "accepted_fraud_rate_mean": 0.0,
      "accepted_fraud_rate_stdev": 0.0,
      "accepted_volume_fraction_ci95": 0.00024003686110923327,
      "accepted_volume_fraction_mean": 0.9269628155029614,
      "accepted_volume_fraction_stdev": 0.0006707836911339877,
      "audience_error_ci95": 0.007406507940138611,
      "audience_error_mean": 0.0992572667038173,
      "audience_error_stdev": 0.02069750750589306,
      "buyer_utility_ci95": 1.1773518419907187,
      "buyer_utility_mean": 14.649113308179365,
      "buyer_utility_stdev": 3.2901130713192583,
      "conversion_regret_ci95": 0.0065019267684764065,
      "conversion_regret_mean": 0.025315714212167204,
      "conversion_regret_stdev": 0.01816965284867958,
      "mechanism": "DepositAuditReject",
      "seeds": 30,
      "top3_overlap_ci95": 0.06779032607916202,
      "top3_overlap_mean": 0.47777777777777775,
      "top3_overlap_stdev": 0.18944025905197848
    },
    {
      "accepted_fraud_rate_ci95": 0.00022209753082465947,
      "accepted_fraud_rate_mean": 0.05136093750495907,
      "accepted_fraud_rate_stdev": 0.000620652181626862,
      "accepted_volume_fraction_ci95": 0.0001944359428648576,
      "accepted_volume_fraction_mean": 0.9512261299122613,
      "accepted_volume_fraction_stdev": 0.0005433517953921845,
      "audience_error_ci95": 0.006919517866792788,
      "audience_error_mean": 0.09854066970090597,
      "audience_error_stdev": 0.01933661236072672,
      "buyer_utility_ci95": 1.191911178416669,
      "buyer_utility_mean": 14.55644655336805,
      "buyer_utility_stdev": 3.3307991783743587,
      "conversion_regret_ci95": 0.006685092478201598,
      "conversion_regret_mean": 0.025862378272359463,
      "conversion_regret_stdev": 0.018681509945505756,
      "mechanism": "SealedHybrid",
      "seeds": 30,
      "top3_overlap_ci95": 0.08098167386987709,
      "top3_overlap_mean": 0.47777777777777775,
      "top3_overlap_stdev": 0.22630351797478757
    },
    {
      "accepted_fraud_rate_ci95": 0.0,
      "accepted_fraud_rate_mean": 0.0,
      "accepted_fraud_rate_stdev": 0.0,
      "accepted_volume_fraction_ci95": 0.0,
      "accepted_volume_fraction_mean": 1.0,
      "accepted_volume_fraction_stdev": 0.0,
      "audience_error_ci95": 0.0062810242765966705,
      "audience_error_mean": 0.0728986888692384,
      "audience_error_stdev": 0.01755234020678349,
      "buyer_utility_ci95": 1.1381828730491432,
      "buyer_utility_mean": 14.71451470645,
      "buyer_utility_stdev": 3.180655276199258,
      "conversion_regret_ci95": 0.00638558284529575,
      "conversion_regret_mean": 0.02612386545886718,
      "conversion_regret_stdev": 0.017844529424420937,
      "mechanism": "DirectAttest",
      "seeds": 30,
      "top3_overlap_ci95": 0.07511455704081638,
      "top3_overlap_mean": 0.5,
      "top3_overlap_stdev": 0.2099078433074675
    },
    {
      "accepted_fraud_rate_ci95": 0.0,
      "accepted_fraud_rate_mean": 0.0,
      "accepted_fraud_rate_stdev": 0.0,
      "accepted_volume_fraction_ci95": 0.0004908183442443299,
      "accepted_volume_fraction_mean": 0.2998626164319595,
      "accepted_volume_fraction_stdev": 0.0013715932590814054,
      "audience_error_ci95": 0.006391642631234889,
      "audience_error_mean": 0.7012630099799606,
      "audience_error_stdev": 0.0178614635134644,
      "buyer_utility_ci95": 1.2281591381507642,
      "buyer_utility_mean": 10.215641485700797,