epsilon,audience_mean_relative_error_mean,audience_mean_relative_error_stdev,audience_mean_relative_error_ci95,top3_overlap_mean,top3_overlap_stdev,top3_overlap_ci95,top3_conversion_regret_mean,top3_conversion_regret_stdev,top3_conversion_regret_ci95
0.5,0.20851512408772732,0.01134015801550214,0.009940086765714744,0.39999999999999997,0.14907119849998599,0.13066666666666665,0.061769130311343234,0.02783578002120908,0.024399136962988382
2.0,0.0491060848435448,0.011261794238808458,0.009871397886903754,0.7999999999999999,0.18257418583505539,0.16003332986183433,0.007369339098074907,0.006727447774789347,0.0058968679714874
8.0,0.00209803900901578,0.0004487135100365355,0.00039331473305877717,1.0,0.0,0.0,0.0,0.0,0.0
