{
  "conversions": 5289,
  "dataset": "UCI Bank Marketing bank-full.csv",
  "eps_claim": 2.0,
  "eps_true_fraud": 0.5,
  "fraud_fraction": 0.7,
  "mechanism_parameters": {
    "DepositAuditNoPoW": {
      "accepted_fraud": 0.073,
      "rejected_fraud": 0.073,
      "truthful_switch": 0.554
    },
    "DepositAuditReject": {
      "accepted_fraud": 0.0,
      "rejected_fraud": 0.073,
      "truthful_switch": 0.627
    },
    "DirectAttest": {
      "accepted_fraud": 0.0,
      "rejected_fraud": 0.0,
      "truthful_switch": 0.7
    },
    "NoVerify": {
      "accepted_fraud": 0.7,
      "rejected_fraud": 0.0,
      "truthful_switch": 0.0
    },
    "RejectMismatch": {
      "accepted_fraud": 0.0,
      "rejected_fraud": 0.7,
      "truthful_switch": 0.0
    },
    "SealedHybrid": {
      "accepted_fraud": 0.049,
      "rejected_fraud": 0.049,
      "truthful_switch": 0.602
    },
    "TEEOnly": {
      "accepted_fraud": 0.56,
      "rejected_fraud": 0.14,
      "truthful_switch": 0.0
    }
  },
  "rows": 45211,
  "seeds": [
    2026,
    2027,
    2028,
    2029,
    2030,
    2031,
    2032,
    2033,
    2034,
    2035,
    2036,
    2037,
    2038,
    2039,
    2040,
    2041,
    2042,
    2043,
    2044,
    2045,
    2046,
    2047,
    2048,
    2049,
    2050,
    2051,
    2052,
    2053,
    2054,
    2055
  ],
  "segments": 12,
  "summary": [
    {
      "accepted_fraud_rate_ci95": 0.00023230293575087648,
      "accepted_fraud_rate_mean": 0.6999717374581899,
      "accepted_fraud_rate_stdev": 0.0006491712147215732,
      "accepted_volume_fraction_ci95": 0.0,
      "accepted_volume_fraction_mean": 1.0,
      "accepted_volume_fraction_stdev": 0.0,
      "audience_error_ci95": 0.025138252753745743,
      "audience_error_mean": 0.20793726597008969,
      "audience_error_stdev": 0.07024891882394338,
      "buyer_utility_ci95": 2.339777322797646,
      "buyer_utility_mean": 7.746727775134706,
      "buyer_utility_stdev": 6.53851438385366,
      "conversion_regret_ci95": 0.013636852220752874,
      "conversion_regret_mean": 0.054199717321146264,
      "conversion_regret_stdev": 0.03810822231974882,
      "mechanism": "NoVerify",
      "seeds": 30,
      "top3_overlap_ci95": 0.09230674241687416,
      "top3_overlap_mean": 0.5222222222222221,
      "top3_overlap_stdev": 0.25795145424255567
    },
    {
      "accepted_fraud_rate_ci95": 0.0002778619736781906,
      "accepted_fraud_rate_mean": 0.6510756148205631,
      "accepted_fraud_rate_stdev": 0.0007764860757982231,
      "accepted_volume_fraction_ci95": 0.00015153016078800857,
      "accepted_volume_fraction_mean": 0.8598717372124286,
      "accepted_volume_fraction_stdev": 0.0004234514653366178,
      "audience_error_ci95": 0.02066477249479705,
      "audience_error_mean": 0.23008722619674513,
      "audience_error_stdev": 0.05774776551588087,
      "buyer_utility_ci95": 1.746704970257599,
      "buyer_utility_mean": 6.8957889062194,
      "buyer_utility_stdev": 4.881172007737129,
      "conversion_regret_ci95": 0.009797119621514349,
      "conversion_regret_mean": 0.055535511278381244,
      "conversion_regret_stdev": 0.027378078649387162,
      "mechanism": "TEEOnly",
      "seeds": 30,
      "top3_overlap_ci95": 0.06815123542343392,
      "top3_overlap_mean": 0.5111111111111111,
      "top3_overlap_stdev": 0.19044882124112195
    },
    {
      "accepted_fraud_rate_ci95": 0.0001548734413242841,
      "accepted_fraud_rate_mean": 0.07866879594296737,
      "accepted_fraud_rate_stdev": 0.0004327942723049141,
      "accepted_volume_fraction_ci95": 0.00013593466847911212,
      "accepted_volume_fraction_mean": 0.9269387489278667,
      "accepted_volume_fraction_stdev": 0.00037986981771936826,
      "audience_error_ci95": 0.007863650065123809,
      "audience_error_mean": 0.11048290758985964,
      "audience_error_stdev": 0.02197499247446571,
      "buyer_utility_ci95": 1.962845756342682,
      "buyer_utility_mean": 12.107711248714576,
      "buyer_utility_stdev": 5.485178049245795,
      "conversion_regret_ci95": 0.010163347042973388,
      "conversion_regret_mean": 0.03430105337226508,
      "conversion_regret_stdev": 0.028401502220356898,
      "mechanism": "DepositAuditNoPoW",
      "seeds": 30,
      "top3_overlap_ci95": 0.06957615402582351,
      "top3_overlap_mean": 0.5777777777777777,
      "top3_overlap_stdev": 0.19443076032855822
    },
    {
      "accepted_fraud_rate_ci95": 0.0,
      "accepted_fraud_rate_mean": 0.0,
      "accepted_fraud_rate_stdev": 0.0,
      "accepted_volume_fraction_ci95": 0.00013593466847911212,
      "accepted_volume_fraction_mean": 0.9269387489278667,
      "accepted_volume_fraction_stdev": 0.00037986981771936826,
      "audience_error_ci95": 0.005420677978089187,
      "audience_error_mean": 0.09464954434995335,
      "audience_error_stdev": 0.015148100028423176,
      "buyer_utility_ci95": 1.4271052384281324,
      "buyer_utility_mean": 14.734945153082881,
      "buyer_utility_stdev": 3.988049648065697,
      "conversion_regret_ci95": 0.007107514361809853,
      "conversion_regret_mean": 0.02159279701708793,
      "conversion_regret_stdev": 0.01986196910079179,
      "mechanism": "DepositAuditReject",
      "seeds": 30,
      "top3_overlap_ci95": 0.049363699190663295,
      "top3_overlap_mean": 0.6777777777777777,
      "top3_overlap_stdev": 0.1379469977991112
    },
    {
      "accepted_fraud_rate_ci95": 0.00013813446985088592,
      "accepted_fraud_rate_mean": 0.05154475522671655,
      "accepted_fraud_rate_stdev": 0.00038601716890993617,
      "accepted_volume_fraction_ci95": 0.00012633227172167844,
      "accepted_volume_fraction_mean": 0.9510071295333732,
      "accepted_volume_fraction_stdev": 0.000353035892667527,
      "audience_error_ci95": 0.007889125462162546,
      "audience_error_mean": 0.08184985524522163,
      "audience_error_stdev": 0.022046183543953036,
      "buyer_utility_ci95": 1.6950161457924007,
      "buyer_utility_mean": 14.092754503233307,
      "buyer_utility_stdev": 4.73672744074471,
      "conversion_regret_ci95": 0.008775476376695675,
      "conversion_regret_mean": 0.02579846892865649,
      "conversion_regret_stdev": 0.024523093695764917,
      "mechanism": "SealedHybrid",
      "seeds": 30,
      "top3_overlap_ci95": 0.06052552596480517,
      "top3_overlap_mean": 0.6222222222222222,
      "top3_overlap_stdev": 0.16913875446830828
    },
    {
      "accepted_fraud_rate_ci95": 0.0,
      "accepted_fraud_rate_mean": 0.0,
      "accepted_fraud_rate_stdev": 0.0,
      "accepted_volume_fraction_ci95": 0.0,
      "accepted_volume_fraction_mean": 1.0,
      "accepted_volume_fraction_stdev": 0.0,
      "audience_error_ci95": 0.005027579790841849,
      "audience_error_mean": 0.04851072435637744,
      "audience_error_stdev": 0.01404958602602646,
      "buyer_utility_ci95": 1.7090151734422545,
      "buyer_utility_mean": 14.977344722803435,
      "buyer_utility_stdev": 4.775847763331258,
      "conversion_regret_ci95": 0.009251054523834592,
      "conversion_regret_mean": 0.02329838173396463,
      "conversion_regret_stdev": 0.025852098180685814,
      "mechanism": "DirectAttest",
      "seeds": 30,
      "top3_overlap_ci95": 0.06957615402582351,
      "top3_overlap_mean": 0.6444444444444444,
      "top3_overlap_stdev": 0.19443076032855822
    },
    {
      "accepted_fraud_rate_ci95": 0.0,
      "accepted_fraud_rate_mean": 0.0,
      "accepted_fraud_rate_stdev": 0.0,
      "accepted_volume_fraction_ci95": 0.0002700702132459033,
      "accepted_volume_fraction_mean": 0.30019796067328747,
      "accepted_volume_fraction_stdev": 0.0007547119791072029,
      "audience_error_ci95": 0.006584465115906904,
      "audience_error_mean": 0.6959831705244781,
      "audience_error_stdev": 0.018400306495347345,
      "buyer_utility_ci95": 1.7853649197495625,
      "buyer_utility_mean": 6.007638298911572,
      "buyer_utility_stdev": 4.989207346557327,
      "conversion_regret_ci95": 0.011206407002837105,