{
  "artifact": "safe_view_freshness_tradeoff",
  "description": "safe materialized-view publication latency and query-visible freshness delay",
  "parameters": {
    "n": 5000,
    "arrival_rate_per_second": 32772.0,
    "certificate_admit_reference_p95_ms": 0.0416,
    "delay_model": "records are query-visible only after their batch fills and the validation watermark publishes"
  },
  "rows": [
    {
      "batch_size": 128,
      "submitted": 5000,
      "batches": 40,
      "accepted": 4556,
      "rejected": 444,
      "staging_admissions_per_second": 619818.2165398112,
      "published_pipeline_per_second": 70735.04164277721,
      "stage_p95_ms": 0.0027370406314730644,
      "publication_total_ms": 57.866820599883795,
      "publication_mean_ms": 1.4466705149970949,
      "publication_p95_ms": 1.5882779844105244,
      "visibility_delay_mean_ms": 3.4090679378762894,
      "visibility_delay_p95_ms": 5.176415372254884,
      "visibility_delay_max_ms": 5.9634834174105436,
      "certificate_admit_reference_p95_ms": 0.0416,
      "p95_delay_over_certificate_ms": 5.134815372254884,
      "max_withheld_rows": 128
    },
    {
      "batch_size": 512,
      "submitted": 5000,
      "batches": 10,
      "accepted": 4556,
      "rejected": 444,
      "staging_admissions_per_second": 639489.9526280996,
      "published_pipeline_per_second": 87012.18847857106,
      "stage_p95_ms": 0.0025230692699551582,
      "publication_total_ms": 46.94753815419972,
      "publication_mean_ms": 4.694753815419972,
      "publication_p95_ms": 5.139273009262979,
      "visibility_delay_mean_ms": 12.36555303171653,
      "visibility_delay_p95_ms": 19.539050168504883,
      "visibility_delay_max_ms": 20.74817207127927,
      "certificate_admit_reference_p95_ms": 0.0416,
      "p95_delay_over_certificate_ms": 19.497450168504884,
      "max_withheld_rows": 512
    },
    {
      "batch_size": 2048,
      "submitted": 5000,
      "batches": 3,
      "accepted": 4556,
      "rejected": 444,
      "staging_admissions_per_second": 677156.1281976833,
      "published_pipeline_per_second": 92413.95452990533,
      "stage_p95_ms": 0.002377084456384182,
      "publication_total_ms": 45.568311121314764,
      "publication_mean_ms": 15.189437040438255,
      "publication_p95_ms": 17.706661019474268,
      "visibility_delay_mean_ms": 44.55460628122478,
      "visibility_delay_p95_ms": 76.65942557458229,
      "visibility_delay_max_ms": 80.7717887213358,
      "certificate_admit_reference_p95_ms": 0.0416,
      "p95_delay_over_certificate_ms": 76.61782557458228,
      "max_withheld_rows": 2048
    },
    {
      "batch_size": 5000,
      "submitted": 5000,
      "batches": 1,
      "accepted": 4556,
      "rejected": 444,
      "staging_admissions_per_second": 694296.8239970338,
      "published_pipeline_per_second": 95637.57420168394,
      "stage_p95_ms": 0.0023209722712635994,
      "publication_total_ms": 44.168272987008095,
      "publication_mean_ms": 44.168272987008095,
      "publication_p95_ms": 44.168272987008095,
      "visibility_delay_mean_ms": 120.43764928384687,
      "visibility_delay_p95_ms": 189.07856225833729,
      "visibility_delay_max_ms": 196.7070255806856,
      "certificate_admit_reference_p95_ms": 0.0416,
      "p95_delay_over_certificate_ms": 189.0369622583373,
      "max_withheld_rows": 5000
    }
  ]
}