batch_size,submitted,batches,accepted,rejected,staging_admissions_per_second,published_pipeline_per_second,stage_p95_ms,publication_total_ms,publication_mean_ms,publication_p95_ms,visibility_delay_mean_ms,visibility_delay_p95_ms,visibility_delay_max_ms,certificate_admit_reference_p95_ms,p95_delay_over_certificate_ms,max_withheld_rows
128,5000,40,4556,444,619818.2165398112,70735.04164277721,0.0027370406314730644,57.866820599883795,1.4466705149970949,1.5882779844105244,3.4090679378762894,5.176415372254884,5.9634834174105436,0.0416,5.134815372254884,128
512,5000,10,4556,444,639489.9526280996,87012.18847857106,0.0025230692699551582,46.94753815419972,4.694753815419972,5.139273009262979,12.36555303171653,19.539050168504883,20.74817207127927,0.0416,19.497450168504884,512
2048,5000,3,4556,444,677156.1281976833,92413.95452990533,0.002377084456384182,45.568311121314764,15.189437040438255,17.706661019474268,44.55460628122478,76.65942557458229,80.7717887213358,0.0416,76.61782557458228,2048
5000,5000,1,4556,444,694296.8239970338,95637.57420168394,0.0023209722712635994,44.168272987008095,44.168272987008095,44.168272987008095,120.43764928384687,189.07856225833729,196.7070255806856,0.0416,189.0369622583373,5000
