{
  "artifact": "safe_view_freshness_tradeoff",
  "description": "safe materialized-view publication latency and query-visible freshness delay",
  "parameters": {
    "n": 60000,
    "arrival_rate_per_second": 32772.0,
    "certificate_admit_reference_p95_ms": 0.0416,
    "delay_model": "records are query-visible only after their batch fills and the validation watermark publishes"
  },
  "rows": [
    {
      "batch_size": 128,
      "submitted": 60000,
      "batches": 469,
      "accepted": 54691,
      "rejected": 5309,
      "staging_admissions_per_second": 550276.9969330323,
      "published_pipeline_per_second": 39573.34692492356,
      "stage_p95_ms": 0.00380596611648798,
      "publication_total_ms": 1320.989582920447,
      "publication_mean_ms": 2.8166089188069234,
      "publication_p95_ms": 3.900080919265747,
      "visibility_delay_mean_ms": 4.753155169005422,
      "visibility_delay_p95_ms": 6.968371391842699,
      "visibility_delay_max_ms": 8.435360330160847,
      "certificate_admit_reference_p95_ms": 0.0416,
      "p95_delay_over_certificate_ms": 6.926771391842699,
      "max_withheld_rows": 128
    },
    {
      "batch_size": 512,
      "submitted": 60000,
      "batches": 118,
      "accepted": 54691,
      "rejected": 5309,
      "staging_admissions_per_second": 601490.5807730923,
      "published_pipeline_per_second": 63859.7481874907,
      "stage_p95_ms": 0.0029070070013403893,
      "publication_total_ms": 788.1440034834668,
      "publication_mean_ms": 6.6791864701988715,
      "publication_p95_ms": 8.562150062061846,
      "visibility_delay_mean_ms": 14.484207100897548,
      "visibility_delay_p95_ms": 21.7824942464826,
      "visibility_delay_max_ms": 24.709659977332933,
      "certificate_admit_reference_p95_ms": 0.0416,
      "p95_delay_over_certificate_ms": 21.7408942464826,
      "max_withheld_rows": 512
    },
    {
      "batch_size": 2048,
      "submitted": 60000,
      "batches": 30,
      "accepted": 54691,
      "rejected": 5309,
      "staging_admissions_per_second": 642587.3339409183,
      "published_pipeline_per_second": 81318.38670251016,
      "stage_p95_ms": 0.002361019141972065,
      "publication_total_ms": 624.8291758820415,
      "publication_mean_ms": 20.82763919606805,
      "publication_p95_ms": 23.67798099294305,
      "visibility_delay_mean_ms": 52.13603923966438,
      "visibility_delay_p95_ms": 80.57667290666033,
      "visibility_delay_max_ms": 86.47359069379952,
      "certificate_admit_reference_p95_ms": 0.0416,
      "p95_delay_over_certificate_ms": 80.53507290666033,
      "max_withheld_rows": 2048
    },
    {
      "batch_size": 8192,
      "submitted": 60000,
      "batches": 8,
      "accepted": 54691,
      "rejected": 5309,
      "staging_admissions_per_second": 545026.7767116749,
      "published_pipeline_per_second": 63754.32293736678,
      "stage_p95_ms": 0.00394799280911684,
      "publication_total_ms": 800.5599959287792,
      "publication_mean_ms": 100.0699994910974,
      "publication_p95_ms": 116.86272895894945,
      "visibility_delay_mean_ms": 223.24555483077643,
      "visibility_delay_p95_ms": 354.15968158000203,
      "visibility_delay_max_ms": 433.03799233308393,
      "certificate_admit_reference_p95_ms": 0.0416,
      "p95_delay_over_certificate_ms": 354.118081580002,
      "max_withheld_rows": 8192
    },
    {
      "batch_size": 60000,
      "submitted": 60000,
      "batches": 1,
      "accepted": 54691,
      "rejected": 5309,
      "staging_admissions_per_second": 205628.59662649085,
      "published_pipeline_per_second": 57458.10117840098,
      "stage_p95_ms": 0.008955015800893307,
      "publication_total_ms": 721.4542099973187,
      "publication_mean_ms": 721.4542099973187,
      "publication_p95_ms": 721.4542099973187,
      "visibility_delay_mean_ms": 1636.8545517524756,
      "visibility_delay_p95_ms": 2460.7133336394522,
      "visibility_delay_max_ms": 2552.2548935076325,
      "certificate_admit_reference_p95_ms": 0.0416,
      "p95_delay_over_certificate_ms": 2460.671733639452,
      "max_withheld_rows": 60000
    }
  ]
}