batch_size,submitted,batches,accepted,rejected,staging_admissions_per_second,published_pipeline_per_second,stage_p95_ms,publication_total_ms,publication_mean_ms,publication_p95_ms,visibility_delay_mean_ms,visibility_delay_p95_ms,visibility_delay_max_ms,certificate_admit_reference_p95_ms,p95_delay_over_certificate_ms,max_withheld_rows
128,60000,469,54691,5309,550276.9969330323,39573.34692492356,0.00380596611648798,1320.989582920447,2.8166089188069234,3.900080919265747,4.753155169005422,6.968371391842699,8.435360330160847,0.0416,6.926771391842699,128
512,60000,118,54691,5309,601490.5807730923,63859.7481874907,0.0029070070013403893,788.1440034834668,6.6791864701988715,8.562150062061846,14.484207100897548,21.7824942464826,24.709659977332933,0.0416,21.7408942464826,512
2048,60000,30,54691,5309,642587.3339409183,81318.38670251016,0.002361019141972065,624.8291758820415,20.82763919606805,23.67798099294305,52.13603923966438,80.57667290666033,86.47359069379952,0.0416,80.53507290666033,2048
8192,60000,8,54691,5309,545026.7767116749,63754.32293736678,0.00394799280911684,800.5599959287792,100.0699994910974,116.86272895894945,223.24555483077643,354.15968158000203,433.03799233308393,0.0416,354.118081580002,8192
60000,60000,1,54691,5309,205628.59662649085,57458.10117840098,0.008955015800893307,721.4542099973187,721.4542099973187,721.4542099973187,1636.8545517524756,2460.7133336394522,2552.2548935076325,0.0416,2460.671733639452,60000
