batch_size,submitted,batches,accepted,rejected,staging_admissions_per_second,published_pipeline_per_second,stage_p95_ms,publication_total_ms,publication_mean_ms,publication_p95_ms,visibility_delay_mean_ms,visibility_delay_p95_ms,visibility_delay_max_ms,certificate_admit_reference_p95_ms,p95_delay_over_certificate_ms,max_withheld_rows
128,5000,40,4556,444,591477.7659129387,69568.44157737495,0.002891058102250099,58.513540076091886,1.4628385019022971,1.5968820080161095,3.425531221884494,5.1976482468422684,5.9336224217006475,0.0416,5.156048246842269,128
512,5000,10,4556,444,609384.1613252922,80687.78271185396,0.002680928446352482,50.80177413765341,5.080177413765341,5.667475983500481,12.758382252458517,19.957420166948353,21.26778010230629,0.0416,19.915820166948354,512
2048,5000,3,4556,444,688725.3244033228,92725.44930064573,0.0023799948394298553,45.48572492785752,15.16190830928584,17.81751192174852,44.5270309373775,76.63887570232237,80.60567662994352,0.0416,76.59727570232236,2048
5000,5000,1,4556,444,718155.9287408659,97535.32324832969,0.0022490276023745537,43.39465103112161,43.39465103112161,43.39465103112161,119.66402732796038,188.3049403024508,195.93340362479913,0.0416,188.2633403024508,5000
