{
  "artifact": "safe_view_freshness_tradeoff",
  "description": "safe materialized-view publication latency and query-visible freshness delay",
  "parameters": {
    "n": 5000,
    "arrival_rate_per_second": 32772.0,
    "certificate_admit_reference_p95_ms": 0.0416,
    "delay_model": "records are query-visible only after their batch fills and the validation watermark publishes"
  },
  "rows": [
    {
      "batch_size": 128,
      "submitted": 5000,
      "batches": 40,
      "accepted": 4556,
      "rejected": 444,
      "staging_admissions_per_second": 591477.7659129387,
      "published_pipeline_per_second": 69568.44157737495,
      "stage_p95_ms": 0.002891058102250099,
      "publication_total_ms": 58.513540076091886,
      "publication_mean_ms": 1.4628385019022971,
      "publication_p95_ms": 1.5968820080161095,
      "visibility_delay_mean_ms": 3.425531221884494,
      "visibility_delay_p95_ms": 5.1976482468422684,
      "visibility_delay_max_ms": 5.9336224217006475,
      "certificate_admit_reference_p95_ms": 0.0416,
      "p95_delay_over_certificate_ms": 5.156048246842269,
      "max_withheld_rows": 128
    },
    {
      "batch_size": 512,
      "submitted": 5000,
      "batches": 10,
      "accepted": 4556,
      "rejected": 444,
      "staging_admissions_per_second": 609384.1613252922,
      "published_pipeline_per_second": 80687.78271185396,
      "stage_p95_ms": 0.002680928446352482,
      "publication_total_ms": 50.80177413765341,
      "publication_mean_ms": 5.080177413765341,
      "publication_p95_ms": 5.667475983500481,
      "visibility_delay_mean_ms": 12.758382252458517,
      "visibility_delay_p95_ms": 19.957420166948353,
      "visibility_delay_max_ms": 21.26778010230629,
      "certificate_admit_reference_p95_ms": 0.0416,
      "p95_delay_over_certificate_ms": 19.915820166948354,
      "max_withheld_rows": 512
    },
    {
      "batch_size": 2048,
      "submitted": 5000,
      "batches": 3,
      "accepted": 4556,
      "rejected": 444,
      "staging_admissions_per_second": 688725.3244033228,
      "published_pipeline_per_second": 92725.44930064573,
      "stage_p95_ms": 0.0023799948394298553,
      "publication_total_ms": 45.48572492785752,
      "publication_mean_ms": 15.16190830928584,
      "publication_p95_ms": 17.81751192174852,
      "visibility_delay_mean_ms": 44.5270309373775,
      "visibility_delay_p95_ms": 76.63887570232237,
      "visibility_delay_max_ms": 80.60567662994352,
      "certificate_admit_reference_p95_ms": 0.0416,
      "p95_delay_over_certificate_ms": 76.59727570232236,
      "max_withheld_rows": 2048
    },
    {
      "batch_size": 5000,
      "submitted": 5000,
      "batches": 1,
      "accepted": 4556,
      "rejected": 444,
      "staging_admissions_per_second": 718155.9287408659,
      "published_pipeline_per_second": 97535.32324832969,
      "stage_p95_ms": 0.0022490276023745537,
      "publication_total_ms": 43.39465103112161,
      "publication_mean_ms": 43.39465103112161,
      "publication_p95_ms": 43.39465103112161,
      "visibility_delay_mean_ms": 119.66402732796038,
      "visibility_delay_p95_ms": 188.3049403024508,
      "visibility_delay_max_ms": 195.93340362479913,
      "certificate_admit_reference_p95_ms": 0.0416,
      "p95_delay_over_certificate_ms": 188.2633403024508,
      "max_withheld_rows": 5000
    }
  ]
}